Period,Balance,Payment,Interest,SumInterest,Principal
0,3645171.00,0.00,0.00,0.00,0.00
1,3599480.03,119323.43,73632.45,73632.45,45690.97
2,3552866.10,119323.43,72709.50,146341.95,46613.93
3,3505310.57,119323.43,71767.90,218109.85,47555.53
4,3456794.42,119323.43,70807.27,288917.12,48516.15
5,3407298.24,119323.43,69827.25,358744.37,49496.18
6,3356802.24,119323.43,68827.42,427571.79,50496.00
7,3305286.22,119323.43,67807.41,495379.20,51516.02
8,3252729.57,119323.43,66766.78,562145.98,52556.64
9,3199111.28,119323.43,65705.14,627851.12,53618.29
10,3144409.91,119323.43,64622.05,692473.16,54701.38
11,3088603.56,119323.43,63517.08,755990.24,55806.35
12,3031669.93,119323.43,62389.79,818380.04,56933.63
13,2973586.23,119323.43,61239.73,879619.77,58083.69
14,2914329.25,119323.43,60066.44,939686.21,59256.98
15,2853875.28,119323.43,58869.45,998555.66,60453.97
16,2792200.13,119323.43,57648.28,1056203.94,61675.15
17,2729279.15,119323.43,56402.44,1112606.38,62920.98
18,2665087.16,119323.43,55131.44,1167737.82,64191.99
19,2599598.50,119323.43,53834.76,1221572.58,65488.66
20,2532786.96,119323.43,52511.89,1274084.47,66811.54
21,2464625.83,119323.43,51162.30,1325246.77,68161.13
22,2395087.85,119323.43,49785.44,1375032.21,69537.98
23,2324145.20,119323.43,48380.77,1423412.99,70942.65
24,2251769.50,119323.43,46947.73,1470360.72,72375.69
25,2177931.82,119323.43,45485.74,1515846.46,73837.68
26,2102602.62,119323.43,43994.22,1559840.69,75329.20
27,2025751.77,119323.43,42472.57,1602313.26,76850.85
28,1947348.53,119323.43,40920.19,1643233.44,78403.24
29,1867361.54,119323.43,39336.44,1682569.88,79986.99
30,1785758.82,119323.43,37720.70,1720290.59,81602.72
31,1702507.72,119323.43,36072.33,1756362.92,83251.10
32,1617574.95,119323.43,34390.66,1790753.57,84932.77
33,1530926.54,119323.43,32675.01,1823428.59,86648.41
34,1442527.83,119323.43,30924.72,1854353.30,88398.71
35,1352343.47,119323.43,29139.06,1883492.36,90184.36
36,1260337.38,119323.43,27317.34,1910809.70,92006.09
37,1166472.77,119323.43,25458.82,1936268.52,93864.61
38,1070712.09,119323.43,23562.75,1959831.27,95760.68
39,973017.05,119323.43,21628.38,1981459.65,97695.04
40,873348.57,119323.43,19654.94,2001114.60,99668.48
41,771666.79,119323.43,17641.64,2018756.24,101681.78
42,667931.03,119323.43,15587.67,2034343.91,103735.76
43,562099.81,119323.43,13492.21,2047836.11,105831.22
44,454130.80,119323.43,11354.42,2059190.53,107969.01
45,343980.82,119323.43,9173.44,2068363.97,110149.98
46,231605.81,119323.43,6948.41,2075312.38,112375.01
47,116960.82,119323.43,4678.44,2079990.82,114644.99
48,0.00,119323.43,2362.61,2082353.43,116960.82
